day_key,entry_time,side,entry_price,sl,tp,exit_time,exit_price,exit_reason,pnl_usdt,r_multiple,used_fallback
2024-09-26,2024-09-26 12:30:00+00:00,long,64580.0,64335.38,64987.7,2024-09-26 14:15:00+00:00,64987.7,take_profit,33.333333333333336,1.6666666666666667,False
2024-09-27,2024-09-27 12:30:00+00:00,long,65755.8,65540.74285714286,66114.22857142857,2024-09-27 14:00:00+00:00,66114.22857142857,take_profit,33.33333333333288,1.666666666666644,False
2024-09-28,2024-09-28 12:15:00+00:00,short,65607.3,65722.02,65416.100000000006,2024-09-28 12:30:00+00:00,65416.100000000006,take_profit,33.33333333333249,1.6666666666666243,False
2024-09-30,2024-09-30 12:45:00+00:00,long,64012.7,63738.94571428571,64468.95714285714,2024-09-30 14:00:00+00:00,63738.94571428571,stop_loss,-20.0,-1.0,False
2024-10-01,2024-10-01 12:30:00+00:00,short,63593.4,63733.577142857146,63359.77142857143,2024-10-01 13:15:00+00:00,63359.77142857143,take_profit,33.33333333333264,1.666666666666632,False
2024-10-02,2024-10-02 12:45:00+00:00,short,60780.2,61102.81142857143,60242.514285714286,2024-10-02 19:15:00+00:00,60242.514285714286,take_profit,33.33333333333318,1.6666666666666592,False
2024-10-03,2024-10-03 12:00:00+00:00,short,60557.9,60817.69142857143,60124.91428571429,2024-10-03 13:15:00+00:00,60124.91428571429,take_profit,33.33333333333333,1.6666666666666667,False
2024-10-04,2024-10-04 12:15:00+00:00,long,61552.8,61389.89142857144,61824.31428571429,2024-10-04 12:45:00+00:00,61824.31428571429,take_profit,33.333333333333925,1.6666666666666965,False
2024-10-05,2024-10-05 12:15:00+00:00,long,62214.0,62132.27142857143,62350.21428571428,2024-10-05 13:30:00+00:00,62132.27142857143,stop_loss,-20.0,-1.0,False
2024-10-06,2024-10-06 12:45:00+00:00,long,62191.3,62106.28,62333.00000000001,2024-10-06 14:15:00+00:00,62333.00000000001,take_profit,33.33333333333277,1.666666666666638,False
2024-10-08,2024-10-08 12:30:00+00:00,short,62435.4,62586.36,62183.8,2024-10-08 14:30:00+00:00,62183.8,take_profit,33.333333333333336,1.6666666666666667,False
2024-10-09,2024-10-09 12:30:00+00:00,short,61852.0,61995.10857142857,61613.485714285714,2024-10-09 14:45:00+00:00,61613.485714285714,take_profit,33.333333333332995,1.6666666666666496,False
2024-10-10,2024-10-10 12:30:00+00:00,short,60930.0,61139.99142857143,60580.014285714286,2024-10-10 14:30:00+00:00,60580.014285714286,take_profit,33.3333333333338,1.6666666666666898,False
2024-10-11,2024-10-11 12:15:00+00:00,long,61236.9,61050.008571428574,61548.38571428572,2024-10-11 13:30:00+00:00,61548.38571428572,take_profit,33.33333333333359,1.6666666666666796,False
2024-10-12,2024-10-12 12:30:00+00:00,short,62860.0,63010.43714285715,62609.27142857143,2024-10-12 12:45:00+00:00,63010.43714285715,stop_loss,-20.0,-1.0,False
2024-10-14,2024-10-14 12:15:00+00:00,short,64741.7,64974.62857142857,64353.485714285714,2024-10-14 12:30:00+00:00,64974.62857142857,stop_loss,-20.0,-1.0,False
2024-10-15,2024-10-15 12:30:00+00:00,long,65858.1,65632.71428571429,66233.74285714286,2024-10-15 13:30:00+00:00,66233.74285714286,take_profit,33.3333333333329,1.6666666666666452,False
2024-10-18,2024-10-18 12:45:00+00:00,short,67649.9,67806.17428571428,67389.44285714284,2024-10-18 13:00:00+00:00,67806.17428571428,stop_loss,-20.0,-1.0,False
2024-10-20,2024-10-20 12:45:00+00:00,short,68239.1,68303.6,68131.6,2024-10-20 13:00:00+00:00,68303.6,stop_loss,-20.0,-1.0,False
2024-10-21,2024-10-21 12:30:00+00:00,short,68104.9,68281.43714285713,67810.67142857143,2024-10-21 13:15:00+00:00,67810.67142857143,take_profit,33.33333333333388,1.666666666666694,False
2024-10-22,2024-10-22 12:30:00+00:00,short,66883.8,67137.86571428571,66460.35714285714,2024-10-22 13:15:00+00:00,67137.86571428571,stop_loss,-20.0,-1.0,False
2024-10-23,2024-10-23 12:15:00+00:00,short,66233.2,66464.86857142857,65847.08571428571,2024-10-23 16:30:00+00:00,65847.08571428571,take_profit,33.333333333333336,1.6666666666666667,False
2024-10-24,2024-10-24 12:00:00+00:00,long,67335.0,67141.56,67657.4,2024-10-24 13:00:00+00:00,67657.4,take_profit,33.33333333333233,1.6666666666666166,False
2024-10-27,2024-10-27 12:00:00+00:00,long,67162.7,67084.80285714286,67292.52857142857,2024-10-27 12:15:00+00:00,67292.52857142857,take_profit,33.33333333333582,1.6666666666667913,False
2024-10-28,2024-10-28 12:15:00+00:00,long,68898.1,68688.68285714286,69247.12857142858,2024-10-28 13:45:00+00:00,69247.12857142858,take_profit,33.333333333333336,1.6666666666666667,False
2024-10-29,2024-10-29 12:45:00+00:00,short,71093.8,71289.66571428571,70767.35714285714,2024-10-29 13:30:00+00:00,71289.66571428571,stop_loss,-20.0,-1.0,False
2024-10-30,2024-10-30 12:45:00+00:00,short,71882.5,72115.15428571429,71494.74285714286,2024-10-30 13:30:00+00:00,71494.74285714286,take_profit,33.33333333333208,1.666666666666604,False
2024-10-31,2024-10-31 12:00:00+00:00,short,72195.2,72376.07428571428,71893.74285714286,2024-10-31 13:30:00+00:00,71893.74285714286,take_profit,33.33333333333387,1.6666666666666934,False
2024-11-01,2024-11-01 12:30:00+00:00,long,70287.7,70017.45142857142,70738.11428571428,2024-11-01 13:30:00+00:00,70738.11428571428,take_profit,33.333333333333336,1.6666666666666667,False
2024-11-02,2024-11-02 12:15:00+00:00,short,69520.0,69647.73142857142,69307.11428571428,2024-11-02 14:00:00+00:00,69307.11428571428,take_profit,33.33333333333485,1.666666666666743,False
2024-11-05,2024-11-05 12:15:00+00:00,short,68692.0,68883.21142857143,68373.31428571428,2024-11-05 12:30:00+00:00,68883.21142857143,stop_loss,-20.0,-1.0,False
2024-11-06,2024-11-06 12:00:00+00:00,long,74565.4,74138.89428571428,75276.24285714285,2024-11-06 19:00:00+00:00,75276.24285714285,take_profit,33.333333333333336,1.6666666666666667,False
2024-11-07,2024-11-07 12:30:00+00:00,long,75091.8,74872.52571428572,75457.25714285714,2024-11-07 15:15:00+00:00,75457.25714285714,take_profit,33.33333333333245,1.6666666666666223,False
2024-11-09,2024-11-09 12:30:00+00:00,short,76325.8,76438.6,76137.8,2024-11-09 16:15:00+00:00,76137.8,take_profit,33.33333333333248,1.6666666666666237,False
2024-11-10,2024-11-10 12:00:00+00:00,short,79487.5,79866.49428571429,78855.84285714285,2024-11-10 21:00:00+00:00,78855.84285714285,take_profit,33.333333333333336,1.6666666666666667,False
2024-11-11,2024-11-11 12:30:00+00:00,long,82316.1,81909.83142857143,82993.21428571429,2024-11-11 15:00:00+00:00,82993.21428571429,take_profit,33.33333333333285,1.6666666666666428,False
2024-11-12,2024-11-12 12:45:00+00:00,short,86453.6,87527.76285714286,84663.32857142857,2024-11-12 16:45:00+00:00,87527.76285714286,stop_loss,-20.0,-1.0,False
2024-11-15,2024-11-15 12:00:00+00:00,long,90722.8,90202.50571428573,91589.95714285717,2024-11-15 21:45:00+00:00,91589.95714285717,take_profit,33.33333333333315,1.6666666666666574,False
2024-11-16,2024-11-16 12:00:00+00:00,short,90728.5,91015.12857142858,90250.78571428572,2024-11-16 15:45:00+00:00,90250.78571428572,take_profit,33.333333333332995,1.6666666666666496,False
2024-11-19,2024-11-19 12:00:00+00:00,long,92121.6,91775.82857142856,92697.88571428572,2024-11-19 13:00:00+00:00,92697.88571428572,take_profit,33.333333333332774,1.6666666666666383,False
2024-11-20,2024-11-20 12:15:00+00:00,long,93661.7,93259.52857142856,94331.9857142857,2024-11-20 13:15:00+00:00,94331.9857142857,take_profit,33.333333333333336,1.6666666666666667,False
2024-11-21,2024-11-21 12:45:00+00:00,short,97324.2,97772.99142857142,96576.21428571428,2024-11-21 14:30:00+00:00,96576.21428571428,take_profit,33.33333333333355,1.6666666666666774,False
2024-11-23,2024-11-23 12:30:00+00:00,long,98657.1,98512.42285714288,98898.22857142858,2024-11-23 13:15:00+00:00,98898.22857142858,take_profit,33.33333333333535,1.666666666666767,False
2024-11-24,2024-11-24 12:15:00+00:00,short,97267.3,97597.60857142856,96716.78571428572,2024-11-24 12:30:00+00:00,96716.78571428572,take_profit,33.33333333333304,1.666666666666652,False
2024-11-25,2024-11-25 12:15:00+00:00,short,98091.3,98437.51714285716,97514.27142857145,2024-11-25 13:00:00+00:00,97514.27142857145,take_profit,33.33333333333305,1.6666666666666528,False
2024-11-27,2024-11-27 12:00:00+00:00,short,93254.9,93547.94857142855,92766.4857142857,2024-11-27 12:45:00+00:00,93547.94857142855,stop_loss,-20.0,-1.0,False
2024-11-29,2024-11-29 12:00:00+00:00,long,97452.1,97136.45714285717,97978.17142857144,2024-11-29 14:45:00+00:00,97978.17142857144,take_profit,33.33333333333303,1.6666666666666512,False
2024-11-30,2024-11-30 12:15:00+00:00,long,96534.6,96322.42285714288,96888.22857142855,2024-11-30 16:45:00+00:00,96888.22857142855,take_profit,33.333333333333336,1.6666666666666667,False
2024-12-01,2024-12-01 12:45:00+00:00,short,96830.3,97016.07714285716,96520.67142857144,2024-12-01 13:00:00+00:00,97016.07714285716,stop_loss,-20.0,-1.0,False
2024-12-02,2024-12-02 12:15:00+00:00,long,95450.9,95081.66,96066.3,2024-12-02 14:30:00+00:00,96066.3,take_profit,33.333333333333336,1.6666666666666667,False
2024-12-04,2024-12-04 12:00:00+00:00,short,96074.1,96292.32857142856,95710.38571428572,2024-12-04 13:15:00+00:00,95710.38571428572,take_profit,33.333333333334224,1.6666666666667111,False
2024-12-05,2024-12-05 12:00:00+00:00,long,102952.1,102561.49142857143,103603.11428571428,2024-12-05 14:45:00+00:00,103603.11428571428,take_profit,33.33333333333284,1.666666666666642,False
2024-12-06,2024-12-06 12:00:00+00:00,long,98409.5,98025.91142857145,99048.8142857143,2024-12-06 14:00:00+00:00,99048.8142857143,take_profit,33.33333333333409,1.6666666666667047,False
2024-12-08,2024-12-08 12:45:00+00:00,long,99986.1,99630.21428571428,100579.24285714286,2024-12-08 13:45:00+00:00,100579.24285714286,take_profit,33.33333333333306,1.666666666666653,False
2024-12-10,2024-12-10 12:15:00+00:00,short,97283.1,97635.65142857144,96695.5142857143,2024-12-10 15:30:00+00:00,96695.5142857143,take_profit,33.33333333333306,1.666666666666653,False
2024-12-12,2024-12-12 12:15:00+00:00,long,100685.0,100404.58571428571,101152.35714285714,2024-12-12 13:15:00+00:00,101152.35714285714,take_profit,33.333333333333336,1.6666666666666667,False
2024-12-13,2024-12-13 12:30:00+00:00,short,100194.8,100452.62857142858,99765.08571428571,2024-12-13 15:45:00+00:00,99765.08571428571,take_profit,33.33333333333333,1.6666666666666667,False
2024-12-14,2024-12-14 12:15:00+00:00,short,101430.3,101618.19428571429,101117.14285714286,2024-12-14 13:15:00+00:00,101117.14285714286,take_profit,33.333333333334366,1.6666666666667185,False
2024-12-15,2024-12-15 12:15:00+00:00,long,102696.0,102430.82571428572,103137.95714285717,2024-12-15 12:30:00+00:00,103137.95714285717,take_profit,33.33333333333443,1.6666666666667216,False
2024-12-16,2024-12-16 12:30:00+00:00,short,103567.5,103946.72571428573,102935.45714285717,2024-12-16 13:00:00+00:00,103946.72571428573,stop_loss,-20.0,-1.0,False
2024-12-17,2024-12-17 12:00:00+00:00,short,106551.9,106836.03428571428,106078.34285714284,2024-12-17 15:15:00+00:00,106078.34285714284,take_profit,33.333333333332995,1.6666666666666496,False
2024-12-18,2024-12-18 12:00:00+00:00,long,105272.7,104930.25428571428,105843.44285714284,2024-12-18 12:15:00+00:00,104930.25428571428,stop_loss,-20.0,-1.0,False
2024-12-19,2024-12-19 12:30:00+00:00,short,102030.5,102350.46285714286,101497.22857142855,2024-12-19 14:45:00+00:00,101497.22857142855,take_profit,33.33333333333303,1.6666666666666514,False
2024-12-20,2024-12-20 12:00:00+00:00,short,92606.7,93559.7657142857,91018.25714285714,2024-12-20 12:15:00+00:00,93559.7657142857,stop_loss,-20.0,-1.0,False
2024-12-21,2024-12-21 12:30:00+00:00,short,97476.2,97872.15714285712,96816.27142857145,2024-12-21 13:15:00+00:00,96816.27142857145,take_profit,33.33333333333358,1.666666666666679,False
2024-12-22,2024-12-22 12:00:00+00:00,short,96895.3,97234.42,96330.1,2024-12-22 14:15:00+00:00,96330.1,take_profit,33.33333333333362,1.666666666666681,False
2024-12-29,2024-12-29 12:15:00+00:00,short,94956.2,95100.12285714284,94716.32857142856,2024-12-29 13:30:00+00:00,94716.32857142856,take_profit,33.333333333333336,1.6666666666666667,False
2024-12-30,2024-12-30 12:00:00+00:00,long,93940.3,93697.67714285717,94344.67142857144,2024-12-30 18:00:00+00:00,94344.67142857144,take_profit,33.333333333333734,1.6666666666666867,False
2024-12-31,2024-12-31 12:00:00+00:00,long,94364.3,94034.43714285716,94914.07142857143,2024-12-31 12:30:00+00:00,94914.07142857143,take_profit,33.33333333333363,1.6666666666666814,False
2025-01-01,2025-01-01 12:15:00+00:00,long,93854.7,93534.3257142857,94388.65714285716,2025-01-01 14:00:00+00:00,94388.65714285716,take_profit,33.33333333333303,1.6666666666666514,False
2025-01-03,2025-01-03 12:00:00+00:00,long,96806.8,96590.66285714286,97167.02857142856,2025-01-03 14:30:00+00:00,97167.02857142856,take_profit,33.33333333333289,1.6666666666666443,False
2025-01-06,2025-01-06 12:00:00+00:00,long,99440.1,99166.37142857144,99896.3142857143,2025-01-06 14:45:00+00:00,99896.3142857143,take_profit,33.33333333333404,1.666666666666702,False
2025-01-12,2025-01-12 12:00:00+00:00,long,94384.4,94169.16285714284,94743.12857142856,2025-01-12 14:00:00+00:00,94743.12857142856,take_profit,33.33333333333198,1.666666666666599,False
2025-01-13,2025-01-13 12:30:00+00:00,short,90794.5,91404.34857142856,89778.08571428571,2025-01-13 14:30:00+00:00,89778.08571428571,take_profit,33.33333333333381,1.6666666666666905,False
2025-01-14,2025-01-14 12:00:00+00:00,short,96300.0,96761.76,95530.4,2025-01-14 16:30:00+00:00,95530.4,take_profit,33.333333333333336,1.6666666666666667,False
2025-01-15,2025-01-15 12:30:00+00:00,long,97047.2,96727.55428571429,97579.94285714286,2025-01-15 13:30:00+00:00,97579.94285714286,take_profit,33.33333333333394,1.666666666666697,False
2025-01-16,2025-01-16 12:30:00+00:00,long,99307.6,98960.74857142856,99885.68571428572,2025-01-16 17:30:00+00:00,99885.68571428572,take_profit,33.333333333332774,1.6666666666666388,False
2025-01-17,2025-01-17 12:00:00+00:00,long,102486.2,102156.37142857142,103035.91428571429,2025-01-17 14:30:00+00:00,103035.91428571429,take_profit,33.33333333333245,1.6666666666666226,False
2025-01-20,2025-01-20 12:00:00+00:00,short,107410.1,108228.34571428572,106046.35714285714,2025-01-20 12:15:00+00:00,106046.35714285714,take_profit,33.333333333333336,1.6666666666666667,False
2025-01-21,2025-01-21 12:00:00+00:00,long,103959.2,103458.78285714284,104793.22857142855,2025-01-21 13:15:00+00:00,104793.22857142855,take_profit,33.33333333333333,1.6666666666666667,False
2025-01-23,2025-01-23 12:30:00+00:00,short,101561.2,101996.7657142857,100835.25714285714,2025-01-23 13:30:00+00:00,101996.7657142857,stop_loss,-20.0,-1.0,False
2025-01-25,2025-01-25 12:45:00+00:00,long,104699.9,104467.88857142856,105086.5857142857,2025-01-25 18:30:00+00:00,105086.5857142857,take_profit,33.333333333333336,1.6666666666666667,False
2025-01-26,2025-01-26 12:45:00+00:00,long,104854.3,104649.20285714284,105196.12857142858,2025-01-26 18:15:00+00:00,105196.12857142858,take_profit,33.333333333332384,1.6666666666666194,False
2025-01-27,2025-01-27 12:30:00+00:00,long,99704.0,99091.7,100724.5,2025-01-27 12:45:00+00:00,100724.5,take_profit,33.33333333333317,1.6666666666666587,False
2025-01-29,2025-01-29 12:15:00+00:00,short,102372.5,102673.12571428572,101871.45714285714,2025-01-29 13:00:00+00:00,101871.45714285714,take_profit,33.33333333333301,1.6666666666666503,False
2025-01-30,2025-01-30 12:15:00+00:00,short,105005.1,105244.56,104606.0,2025-01-30 13:15:00+00:00,105244.56,stop_loss,-20.0,-1.0,False
2025-02-01,2025-02-01 12:00:00+00:00,long,102050.1,101798.94,102468.7,2025-02-01 13:45:00+00:00,101798.94,stop_loss,-20.0,-1.0,False
2025-02-02,2025-02-02 12:45:00+00:00,short,98124.4,98559.10857142856,97399.8857142857,2025-02-02 17:45:00+00:00,97399.8857142857,take_profit,33.33333333333311,1.6666666666666554,False
2025-02-03,2025-02-03 12:45:00+00:00,short,94731.0,95210.36571428573,93932.05714285714,2025-02-03 13:30:00+00:00,95210.36571428573,stop_loss,-20.0,-1.0,False
2025-02-05,2025-02-05 12:00:00+00:00,long,98312.5,97949.78285714284,98917.02857142856,2025-02-05 14:30:00+00:00,98917.02857142856,take_profit,33.333333333333066,1.6666666666666532,False
2025-02-06,2025-02-06 12:45:00+00:00,short,98314.1,98719.48571428572,97638.45714285717,2025-02-06 15:00:00+00:00,97638.45714285717,take_profit,33.333333333333094,1.6666666666666548,False
2025-02-07,2025-02-07 12:30:00+00:00,long,97923.3,97678.34571428572,98331.55714285714,2025-02-07 13:30:00+00:00,98331.55714285714,take_profit,33.333333333333734,1.6666666666666865,False
2025-02-09,2025-02-09 12:30:00+00:00,short,96441.1,96653.27714285714,96087.47142857144,2025-02-09 13:30:00+00:00,96087.47142857144,take_profit,33.333333333333336,1.6666666666666667,False
2025-02-10,2025-02-10 12:00:00+00:00,short,97559.1,97822.02,97120.9,2025-02-10 12:45:00+00:00,97120.9,take_profit,33.333333333333336,1.6666666666666667,False
2025-02-11,2025-02-11 12:00:00+00:00,short,97761.8,97983.34571428572,97392.55714285714,2025-02-11 13:30:00+00:00,97392.55714285714,take_profit,33.333333333332895,1.6666666666666448,False
2025-02-14,2025-02-14 12:00:00+00:00,short,96632.7,96829.72285714286,96304.32857142856,2025-02-14 15:15:00+00:00,96304.32857142856,take_profit,33.33333333333235,1.6666666666666174,False
2025-02-15,2025-02-15 12:30:00+00:00,long,97671.0,97506.25714285714,97945.57142857143,2025-02-15 14:15:00+00:00,97506.25714285714,stop_loss,-20.0,-1.0,False
2025-02-16,2025-02-16 12:45:00+00:00,short,97086.8,97201.45142857142,96895.71428571428,2025-02-16 13:30:00+00:00,96895.71428571428,take_profit,33.33333333333502,1.6666666666667511,False
2025-02-17,2025-02-17 12:30:00+00:00,long,96270.1,96069.74285714286,96604.02857142856,2025-02-17 14:00:00+00:00,96604.02857142856,take_profit,33.33333333333236,1.6666666666666183,False
2025-02-18,2025-02-18 12:00:00+00:00,long,95765.7,95523.06,96170.1,2025-02-18 12:30:00+00:00,96170.1,take_profit,33.33333333333294,1.6666666666666468,False
2025-02-19,2025-02-19 12:15:00+00:00,long,96400.1,96180.06285714288,96766.82857142856,2025-02-19 23:00:00+00:00,96766.82857142856,take_profit,33.333333333333776,1.6666666666666887,False
2025-02-20,2025-02-20 12:00:00+00:00,long,97400.0,97249.64857142857,97650.58571428571,2025-02-20 14:00:00+00:00,97650.58571428571,take_profit,33.33333333333204,1.666666666666602,False
2025-02-21,2025-02-21 12:15:00+00:00,long,98806.1,98537.35142857143,99254.0142857143,2025-02-21 13:00:00+00:00,99254.0142857143,take_profit,33.33333333333333,1.6666666666666667,False
2025-02-22,2025-02-22 12:00:00+00:00,long,96590.0,96459.38857142856,96807.68571428572,2025-02-22 12:45:00+00:00,96807.68571428572,take_profit,33.333333333334075,1.6666666666667038,False
2025-02-23,2025-02-23 12:00:00+00:00,short,95961.4,96082.48857142856,95759.5857142857,2025-02-23 12:30:00+00:00,95759.5857142857,take_profit,33.33333333333574,1.6666666666667869,False
2025-02-25,2025-02-25 12:45:00+00:00,long,89350.0,88499.57714285715,90767.37142857142,2025-02-25 14:30:00+00:00,88499.57714285715,stop_loss,-20.0,-1.0,False
2025-02-26,2025-02-26 12:00:00+00:00,short,88397.0,88715.19714285714,87866.67142857143,2025-02-26 12:45:00+00:00,87866.67142857143,take_profit,33.333333333333634,1.6666666666666818,False
2025-02-27,2025-02-27 12:45:00+00:00,short,86286.6,86711.52857142859,85578.38571428572,2025-02-27 14:15:00+00:00,85578.38571428572,take_profit,33.333333333332874,1.666666666666644,False
2025-03-02,2025-03-02 12:00:00+00:00,short,85762.9,85976.68857142856,85406.58571428571,2025-03-02 14:15:00+00:00,85406.58571428571,take_profit,33.33333333333379,1.6666666666666894,False
2025-03-03,2025-03-03 12:00:00+00:00,long,93112.6,92523.88,94093.8,2025-03-03 14:30:00+00:00,92523.88,stop_loss,-20.0,-1.0,False
2025-03-04,2025-03-04 12:00:00+00:00,short,83607.5,84081.75714285714,82817.07142857143,2025-03-04 13:15:00+00:00,82817.07142857143,take_profit,33.333333333333336,1.6666666666666667,False
2025-03-05,2025-03-05 12:00:00+00:00,long,90192.2,89513.2657142857,91323.75714285714,2025-03-05 13:15:00+00:00,89513.2657142857,stop_loss,-20.0,-1.0,False
2025-03-06,2025-03-06 12:15:00+00:00,short,90811.0,91272.11714285714,90042.47142857143,2025-03-06 12:45:00+00:00,90042.47142857143,take_profit,33.33333333333354,1.6666666666666772,False
2025-03-07,2025-03-07 12:30:00+00:00,short,88426.4,88922.08571428571,87600.25714285714,2025-03-07 16:15:00+00:00,87600.25714285714,take_profit,33.33333333333294,1.6666666666666472,False
2025-03-08,2025-03-08 12:15:00+00:00,long,86164.2,85872.66857142857,86650.08571428571,2025-03-08 16:15:00+00:00,85872.66857142857,stop_loss,-20.0,-1.0,False
2025-03-09,2025-03-09 12:00:00+00:00,short,84386.1,84755.40000000001,83770.6,2025-03-09 13:45:00+00:00,83770.6,take_profit,33.33333333333307,1.6666666666666536,False
2025-03-11,2025-03-11 12:00:00+00:00,short,81302.9,81746.65999999999,80563.29999999999,2025-03-11 13:00:00+00:00,80563.29999999999,take_profit,33.33333333333399,1.6666666666666994,False
2025-03-12,2025-03-12 12:15:00+00:00,long,83318.3,82905.55142857143,84006.21428571429,2025-03-12 12:30:00+00:00,84006.21428571429,take_profit,33.333333333333336,1.6666666666666667,False
2025-03-13,2025-03-13 12:15:00+00:00,long,83232.0,82883.61428571428,83812.64285714286,2025-03-13 12:30:00+00:00,83812.64285714286,take_profit,33.33333333333306,1.6666666666666528,False
2025-03-14,2025-03-14 12:00:00+00:00,long,83370.0,83086.27714285714,83842.87142857142,2025-03-14 13:45:00+00:00,83842.87142857142,take_profit,33.333333333332995,1.6666666666666496,False
2025-03-15,2025-03-15 12:15:00+00:00,long,84170.0,83989.58857142857,84470.68571428572,2025-03-15 23:45:00+00:00,84302.9,session_end,14.732991258075907,0.7366495629037954,False
2025-03-17,2025-03-17 12:15:00+00:00,short,83155.4,83462.37714285713,82643.77142857142,2025-03-17 14:00:00+00:00,82643.77142857142,take_profit,33.33333333333397,1.6666666666666985,False
2025-03-18,2025-03-18 12:45:00+00:00,short,82367.9,82617.51714285713,81951.87142857142,2025-03-18 13:30:00+00:00,81951.87142857142,take_profit,33.33333333333372,1.666666666666686,False
2025-03-21,2025-03-21 12:00:00+00:00,long,84155.1,83914.82571428572,84555.55714285714,2025-03-21 12:30:00+00:00,83914.82571428572,stop_loss,-20.0,-1.0,False
2025-03-24,2025-03-24 12:15:00+00:00,short,87298.1,87580.61428571428,86827.24285714288,2025-03-24 13:30:00+00:00,87580.61428571428,stop_loss,-20.0,-1.0,False
2025-03-26,2025-03-26 12:15:00+00:00,short,87748.1,87944.22285714286,87421.22857142858,2025-03-26 13:15:00+00:00,87421.22857142858,take_profit,33.333333333333826,1.6666666666666914,False
2025-03-27,2025-03-27 12:45:00+00:00,short,86717.0,86965.04,86303.6,2025-03-27 13:15:00+00:00,86303.6,take_profit,33.33333333333373,1.6666666666666865,False
2025-03-28,2025-03-28 12:15:00+00:00,long,85338.2,85045.52857142857,85825.9857142857,2025-03-28 12:30:00+00:00,85045.52857142857,stop_loss,-20.0,-1.0,False
2025-03-31,2025-03-31 12:30:00+00:00,long,82458.3,82128.71142857143,83007.6142857143,2025-03-31 12:45:00+00:00,83007.6142857143,take_profit,33.33333333333422,1.666666666666711,False
2025-04-01,2025-04-01 12:30:00+00:00,short,83714.1,83982.70285714287,83266.42857142858,2025-04-01 14:00:00+00:00,83266.42857142858,take_profit,33.33333333333261,1.6666666666666303,False
2025-04-02,2025-04-02 12:45:00+00:00,long,85009.3,84706.85714285714,85513.37142857144,2025-04-02 13:45:00+00:00,85513.37142857144,take_profit,33.33333333333365,1.6666666666666827,False
2025-04-03,2025-04-03 12:00:00+00:00,short,82973.4,83268.6857142857,82481.25714285714,2025-04-03 12:30:00+00:00,82481.25714285714,take_profit,33.33333333333366,1.6666666666666832,False
2025-04-04,2025-04-04 12:30:00+00:00,long,82749.2,82013.28285714285,83975.72857142857,2025-04-04 17:30:00+00:00,83975.72857142857,take_profit,33.333333333333336,1.6666666666666667,False
2025-04-05,2025-04-05 12:15:00+00:00,short,83398.2,83560.44857142857,83127.78571428571,2025-04-05 12:45:00+00:00,83127.78571428571,take_profit,33.333333333333336,1.6666666666666667,False
2025-04-07,2025-04-07 12:15:00+00:00,long,77398.2,76713.97714285714,78538.57142857143,2025-04-07 14:00:00+00:00,78538.57142857143,take_profit,33.33333333333362,1.666666666666681,False
2025-04-10,2025-04-10 12:15:00+00:00,long,81980.0,81609.81714285714,82596.97142857143,2025-04-10 12:45:00+00:00,81609.81714285714,stop_loss,-20.0,-1.0,False
2025-04-12,2025-04-12 12:00:00+00:00,long,83628.1,83428.68571428572,83960.45714285715,2025-04-12 13:00:00+00:00,83960.45714285715,take_profit,33.333333333333336,1.6666666666666667,False
2025-04-14,2025-04-14 12:15:00+00:00,long,84994.9,84692.53428571428,85498.84285714285,2025-04-14 14:30:00+00:00,85498.84285714285,take_profit,33.333333333333655,1.6666666666666827,False
2025-04-15,2025-04-15 12:00:00+00:00,long,85651.9,85390.42,86087.7,2025-04-15 13:45:00+00:00,86087.7,take_profit,33.333333333334075,1.6666666666667038,False
2025-04-16,2025-04-16 12:15:00+00:00,long,84136.3,83911.43714285715,84511.07142857143,2025-04-16 14:30:00+00:00,84511.07142857143,take_profit,33.33333333333376,1.6666666666666885,False
2025-04-17,2025-04-17 12:15:00+00:00,long,84782.4,84562.32857142857,85149.1857142857,2025-04-17 17:45:00+00:00,85149.1857142857,take_profit,33.33333333333421,1.6666666666667107,False
2025-04-18,2025-04-18 12:30:00+00:00,long,84659.7,84532.44,84871.8,2025-04-18 13:00:00+00:00,84532.44,stop_loss,-20.0,-1.0,False
2025-04-19,2025-04-19 12:15:00+00:00,long,85266.5,85135.69142857143,85484.5142857143,2025-04-19 15:15:00+00:00,85484.5142857143,take_profit,33.333333333334814,1.666666666666741,False
2025-04-20,2025-04-20 12:00:00+00:00,long,84266.8,84076.5142857143,84583.94285714286,2025-04-20 14:00:00+00:00,84583.94285714286,take_profit,33.33333333333384,1.666666666666692,False
2025-04-22,2025-04-22 12:15:00+00:00,long,88745.0,88529.76285714285,89103.72857142858,2025-04-22 12:45:00+00:00,89103.72857142858,take_profit,33.333333333333336,1.6666666666666667,False
2025-04-24,2025-04-24 12:30:00+00:00,long,92620.0,92347.16285714286,93074.72857142855,2025-04-24 14:00:00+00:00,93074.72857142855,take_profit,33.333333333333336,1.6666666666666667,False
2025-04-25,2025-04-25 12:00:00+00:00,long,94764.2,94465.79428571428,95261.54285714286,2025-04-25 14:00:00+00:00,95261.54285714286,take_profit,33.33333333333333,1.6666666666666667,False
2025-04-26,2025-04-26 12:15:00+00:00,long,94250.0,94048.96571428572,94585.05714285714,2025-04-26 22:15:00+00:00,94585.05714285714,take_profit,33.33333333333382,1.6666666666666907,False
2025-04-27,2025-04-27 12:00:00+00:00,short,93790.0,93931.47142857144,93554.21428571428,2025-04-27 13:00:00+00:00,93554.21428571428,take_profit,33.33333333333265,1.6666666666666323,False
2025-04-30,2025-04-30 12:15:00+00:00,short,94879.2,95060.65714285712,94576.77142857145,2025-04-30 12:30:00+00:00,94576.77142857145,take_profit,33.33333333333387,1.6666666666666934,False
2025-05-01,2025-05-01 12:30:00+00:00,long,96373.0,96026.41428571429,96950.64285714286,2025-05-01 15:00:00+00:00,96950.64285714286,take_profit,33.333333333333336,1.6666666666666667,False
2025-05-02,2025-05-02 12:00:00+00:00,short,96747.3,96937.45714285717,96430.37142857142,2025-05-02 12:30:00+00:00,96937.45714285717,stop_loss,-20.0,-1.0,False
2025-05-03,2025-05-03 12:30:00+00:00,long,96101.9,95922.99714285712,96400.07142857142,2025-05-03 14:00:00+00:00,96400.07142857142,take_profit,33.33333333333171,1.6666666666665853,False
2025-05-05,2025-05-05 12:15:00+00:00,long,94260.1,94039.58285714286,94627.62857142858,2025-05-05 18:00:00+00:00,94627.62857142858,take_profit,33.333333333332455,1.6666666666666228,False
2025-05-08,2025-05-08 12:00:00+00:00,short,99340.8,99530.53714285714,99024.57142857143,2025-05-08 13:30:00+00:00,99530.53714285714,stop_loss,-20.0,-1.0,False
2025-05-10,2025-05-10 12:15:00+00:00,long,103671.4,103434.44285714284,104066.32857142856,2025-05-10 23:15:00+00:00,104066.32857142856,take_profit,33.333333333332924,1.666666666666646,False
2025-05-11,2025-05-11 12:00:00+00:00,long,104808.5,104519.30857142856,105290.48571428572,2025-05-11 12:30:00+00:00,104519.30857142856,stop_loss,-20.0,-1.0,False
2025-05-14,2025-05-14 12:30:00+00:00,long,104151.1,103881.1,104601.1,2025-05-14 13:00:00+00:00,103881.1,stop_loss,-20.0,-1.0,False
2025-05-15,2025-05-15 12:15:00+00:00,long,102478.0,102139.46285714286,103042.22857142855,2025-05-15 15:30:00+00:00,103042.22857142855,take_profit,33.33333333333362,1.666666666666681,False
2025-05-16,2025-05-16 12:45:00+00:00,short,103454.1,103667.58857142858,103098.28571428572,2025-05-16 13:30:00+00:00,103667.58857142858,stop_loss,-20.0,-1.0,False
2025-05-18,2025-05-18 12:00:00+00:00,short,103711.1,103830.75714285714,103511.67142857144,2025-05-18 20:00:00+00:00,103511.67142857144,take_profit,33.33333333333496,1.6666666666667478,False
2025-05-19,2025-05-19 12:00:00+00:00,short,102616.3,102879.7342857143,102177.24285714286,2025-05-19 12:30:00+00:00,102177.24285714286,take_profit,33.3333333333326,1.66666666666663,False
2025-05-20,2025-05-20 12:15:00+00:00,short,104769.1,104988.36571428573,104403.65714285716,2025-05-20 13:30:00+00:00,104403.65714285716,take_profit,33.33333333333245,1.6666666666666223,False
2025-05-21,2025-05-21 12:15:00+00:00,long,106782.8,106527.62857142858,107208.08571428571,2025-05-21 13:45:00+00:00,107208.08571428571,take_profit,33.333333333333336,1.6666666666666667,False
2025-05-22,2025-05-22 12:30:00+00:00,long,111352.6,110948.03714285717,112026.87142857144,2025-05-22 13:30:00+00:00,110948.03714285717,stop_loss,-20.0,-1.0,False
2025-05-23,2025-05-23 12:00:00+00:00,short,108100.0,108645.07428571428,107191.54285714286,2025-05-23 23:30:00+00:00,107191.54285714286,take_profit,33.33333333333369,1.6666666666666845,False
2025-05-24,2025-05-24 12:00:00+00:00,short,108867.0,109220.44285714286,108277.92857142858,2025-05-24 22:15:00+00:00,108277.92857142858,take_profit,33.33333333333278,1.6666666666666392,False
2025-05-25,2025-05-25 12:00:00+00:00,long,107369.8,107016.79428571428,107958.14285714288,2025-05-25 22:00:00+00:00,107958.14285714288,take_profit,33.33333333333416,1.6666666666667078,False
2025-05-27,2025-05-27 12:15:00+00:00,long,109744.0,109534.58285714286,110093.02857142856,2025-05-27 13:00:00+00:00,110093.02857142856,take_profit,33.333333333333336,1.6666666666666667,False
2025-05-28,2025-05-28 12:15:00+00:00,long,108965.7,108685.59428571428,109432.54285714283,2025-05-28 13:15:00+00:00,108685.59428571428,stop_loss,-20.0,-1.0,False
2025-05-29,2025-05-29 12:00:00+00:00,short,108585.6,108848.98285714288,108146.62857142858,2025-05-29 13:15:00+00:00,108146.62857142858,take_profit,33.333333333332966,1.6666666666666483,False
2025-05-30,2025-05-30 12:00:00+00:00,short,105286.5,105710.52,104579.8,2025-05-30 16:30:00+00:00,104579.8,take_profit,33.333333333332874,1.666666666666644,False
2025-05-31,2025-05-31 12:00:00+00:00,long,103823.9,103616.59142857142,104169.41428571429,2025-05-31 14:00:00+00:00,104169.41428571429,take_profit,33.33333333333287,1.6666666666666432,False
2025-06-01,2025-06-01 12:00:00+00:00,long,104123.5,103903.61714285714,104489.97142857144,2025-06-01 14:00:00+00:00,104489.97142857144,take_profit,33.333333333332895,1.6666666666666443,False
2025-06-03,2025-06-03 12:00:00+00:00,long,105325.9,105190.35142857142,105551.81428571428,2025-06-03 13:30:00+00:00,105551.81428571428,take_profit,33.33333333333262,1.666666666666631,False
2025-06-04,2025-06-04 12:15:00+00:00,short,104910.0,105157.55142857145,104497.41428571429,2025-06-04 14:00:00+00:00,104497.41428571429,take_profit,33.33333333333294,1.666666666666647,False
2025-06-05,2025-06-05 12:00:00+00:00,long,105061.1,104883.62,105356.9,2025-06-05 12:15:00+00:00,105356.9,take_profit,33.33333333333442,1.6666666666667214,False
2025-06-07,2025-06-07 12:15:00+00:00,long,105241.0,105063.92285714284,105536.12857142858,2025-06-07 12:30:00+00:00,105536.12857142858,take_profit,33.33333333333333,1.6666666666666667,False
2025-06-08,2025-06-08 12:00:00+00:00,long,105702.7,105488.27714285714,106060.07142857143,2025-06-08 13:45:00+00:00,106060.07142857143,take_profit,33.33333333333469,1.6666666666667345,False
2025-06-09,2025-06-09 12:30:00+00:00,long,107873.4,107464.84285714284,108554.32857142856,2025-06-09 19:00:00+00:00,108554.32857142856,take_profit,33.333333333333805,1.6666666666666905,False
2025-06-11,2025-06-11 12:30:00+00:00,long,109769.0,109527.5,110171.5,2025-06-11 14:15:00+00:00,110171.5,take_profit,33.333333333333336,1.6666666666666667,False
2025-06-12,2025-06-12 12:30:00+00:00,long,107348.4,107097.90857142856,107765.88571428572,2025-06-12 15:00:00+00:00,107765.88571428572,take_profit,33.333333333333336,1.6666666666666667,False
2025-06-13,2025-06-13 12:00:00+00:00,long,105136.7,104808.32857142856,105683.98571428572,2025-06-13 15:15:00+00:00,105683.98571428572,take_profit,33.33333333333304,1.666666666666652,False
2025-06-14,2025-06-14 12:15:00+00:00,short,104863.9,105009.23714285714,104621.67142857144,2025-06-14 15:30:00+00:00,104621.67142857144,take_profit,33.333333333333336,1.6666666666666667,False
2025-06-15,2025-06-15 12:45:00+00:00,long,105250.0,105064.74571428572,105558.75714285714,2025-06-15 13:15:00+00:00,105558.75714285714,take_profit,33.333333333333336,1.6666666666666667,False
2025-06-19,2025-06-19 12:30:00+00:00,short,104658.2,104811.22571428573,104403.15714285712,2025-06-19 13:45:00+00:00,104403.15714285712,take_profit,33.33333333333397,1.6666666666666985,False
2025-06-21,2025-06-21 12:00:00+00:00,long,103888.6,103742.96285714286,104131.32857142856,2025-06-21 12:45:00+00:00,103742.96285714286,stop_loss,-20.0,-1.0,False
2025-06-23,2025-06-23 12:45:00+00:00,long,101642.1,101376.0,102085.6,2025-06-23 13:30:00+00:00,102085.6,take_profit,33.333333333332604,1.66666666666663,False
2025-06-27,2025-06-27 12:15:00+00:00,long,107125.0,106928.81714285717,107451.9714285714,2025-06-27 16:30:00+00:00,107451.9714285714,take_profit,33.33333333333333,1.6666666666666667,False
2025-06-29,2025-06-29 12:30:00+00:00,short,107992.7,108231.13142857145,107595.31428571428,2025-06-29 15:45:00+00:00,107595.31428571428,take_profit,33.33333333333252,1.666666666666626,False
2025-06-30,2025-06-30 12:45:00+00:00,short,107526.9,107697.41142857142,107242.71428571428,2025-06-30 14:00:00+00:00,107242.71428571428,take_profit,33.33333333333504,1.666666666666752,False
2025-07-02,2025-07-02 12:15:00+00:00,short,107270.9,107441.42,106986.7,2025-07-02 13:00:00+00:00,107441.42,stop_loss,-20.0,-1.0,False
2025-07-03,2025-07-03 12:00:00+00:00,short,109524.1,109812.02285714286,109044.22857142855,2025-07-03 12:30:00+00:00,109044.22857142855,take_profit,33.333333333334345,1.6666666666667171,False
2025-07-04,2025-07-04 12:30:00+00:00,short,108689.7,108863.46,108400.1,2025-07-04 13:30:00+00:00,108400.1,take_profit,33.33333333333222,1.6666666666666108,False
2025-07-05,2025-07-05 12:00:00+00:00,short,107993.0,108106.43428571428,107803.94285714286,2025-07-05 12:45:00+00:00,108106.43428571428,stop_loss,-20.0,-1.0,False
2025-07-06,2025-07-06 12:30:00+00:00,long,108120.7,108022.66,108284.1,2025-07-06 13:15:00+00:00,108284.1,take_profit,33.33333333333235,1.6666666666666172,False
2025-07-07,2025-07-07 12:00:00+00:00,short,108477.1,108647.79142857144,108192.6142857143,2025-07-07 13:00:00+00:00,108192.6142857143,take_profit,33.33333333333219,1.66666666666661,False
2025-07-08,2025-07-08 12:15:00+00:00,short,108647.9,108815.14571428573,108369.15714285712,2025-07-08 14:15:00+00:00,108369.15714285712,take_profit,33.333333333333336,1.6666666666666667,False
2025-07-09,2025-07-09 12:00:00+00:00,long,109350.0,109193.23714285714,109611.27142857145,2025-07-09 13:00:00+00:00,109611.27142857145,take_profit,33.3333333333321,1.6666666666666048,False
2025-07-10,2025-07-10 12:00:00+00:00,short,110760.2,110932.71714285716,110472.67142857144,2025-07-10 13:30:00+00:00,110472.67142857144,take_profit,33.333333333332206,1.6666666666666103,False
2025-07-11,2025-07-11 12:00:00+00:00,long,118200.0,117836.43428571428,118805.94285714286,2025-07-11 12:15:00+00:00,117836.43428571428,stop_loss,-20.0,-1.0,False
2025-07-12,2025-07-12 12:30:00+00:00,short,117450.0,117680.58,117065.7,2025-07-12 15:30:00+00:00,117065.7,take_profit,33.333333333333336,1.6666666666666667,False
2025-07-13,2025-07-13 12:15:00+00:00,long,118150.8,118010.58857142855,118384.48571428572,2025-07-13 12:45:00+00:00,118384.48571428572,take_profit,33.33333333333265,1.666666666666632,False
2025-07-15,2025-07-15 12:45:00+00:00,long,117193.1,116724.48285714288,117974.12857142858,2025-07-15 13:00:00+00:00,117974.12857142858,take_profit,33.33333333333354,1.666666666666677,False
2025-07-16,2025-07-16 12:30:00+00:00,long,118932.3,118613.32285714286,119463.92857142858,2025-07-16 15:00:00+00:00,119463.92857142858,take_profit,33.33333333333394,1.6666666666666972,False
2025-07-17,2025-07-17 12:00:00+00:00,short,117803.5,118143.34857142856,117237.08571428571,2025-07-17 12:45:00+00:00,118143.34857142856,stop_loss,-20.0,-1.0,False
2025-07-18,2025-07-18 12:00:00+00:00,long,119304.8,118963.4,119873.8,2025-07-18 13:00:00+00:00,118963.4,stop_loss,-20.0,-1.0,False
2025-07-19,2025-07-19 12:30:00+00:00,short,118112.6,118298.46285714286,117802.82857142856,2025-07-19 14:15:00+00:00,117802.82857142856,take_profit,33.333333333333854,1.6666666666666927,False
2025-07-22,2025-07-22 12:00:00+00:00,long,119250.9,118934.37428571428,119778.44285714286,2025-07-22 18:45:00+00:00,119778.44285714286,take_profit,33.33333333333364,1.666666666666682,False
2025-07-23,2025-07-23 12:00:00+00:00,long,118614.7,118321.17142857144,119103.91428571429,2025-07-23 12:30:00+00:00,118321.17142857144,stop_loss,-20.0,-1.0,False
2025-07-25,2025-07-25 12:15:00+00:00,short,116227.4,116650.86285714286,115521.62857142856,2025-07-25 14:15:00+00:00,115521.62857142856,take_profit,33.3333333333331,1.6666666666666552,False
2025-07-27,2025-07-27 12:15:00+00:00,short,117954.8,118089.64571428573,117730.05714285716,2025-07-27 13:00:00+00:00,118089.64571428573,stop_loss,-20.0,-1.0,False
2025-07-28,2025-07-28 12:00:00+00:00,long,118887.5,118627.93142857144,119320.11428571428,2025-07-28 13:15:00+00:00,118627.93142857144,stop_loss,-20.0,-1.0,False
2025-07-29,2025-07-29 12:15:00+00:00,long,118908.1,118623.05714285716,119383.17142857144,2025-07-29 13:30:00+00:00,118623.05714285716,stop_loss,-20.0,-1.0,False
2025-07-31,2025-07-31 12:45:00+00:00,long,118580.0,118399.82,118880.3,2025-07-31 13:00:00+00:00,118399.82,stop_loss,-20.0,-1.0,False
2025-08-01,2025-08-01 12:00:00+00:00,long,115441.2,115095.81428571428,116016.84285714288,2025-08-01 12:30:00+00:00,115095.81428571428,stop_loss,-20.0,-1.0,False
2025-08-03,2025-08-03 12:00:00+00:00,short,113688.6,113853.4542857143,113413.84285714288,2025-08-03 12:30:00+00:00,113853.4542857143,stop_loss,-20.0,-1.0,False
2025-08-05,2025-08-05 12:15:00+00:00,short,114470.0,114763.1,113981.5,2025-08-05 12:30:00+00:00,113981.5,take_profit,33.333333333332675,1.6666666666666337,False
2025-08-06,2025-08-06 12:00:00+00:00,short,113903.7,114164.88857142856,113468.38571428572,2025-08-06 12:30:00+00:00,114164.88857142856,stop_loss,-20.0,-1.0,False
2025-08-07,2025-08-07 12:00:00+00:00,short,116244.2,116580.29428571428,115684.04285714283,2025-08-07 16:45:00+00:00,115684.04285714283,take_profit,33.33333333333275,1.666666666666638,False
2025-08-08,2025-08-08 12:45:00+00:00,short,116450.4,116635.56,116141.8,2025-08-08 15:30:00+00:00,116141.8,take_profit,33.333333333333336,1.6666666666666667,False
2025-08-09,2025-08-09 12:30:00+00:00,short,116982.7,117248.76571428572,116539.25714285714,2025-08-09 18:45:00+00:00,116539.25714285714,take_profit,33.33333333333224,1.666666666666612,False
2025-08-10,2025-08-10 12:15:00+00:00,long,118533.3,118270.92,118970.6,2025-08-10 15:00:00+00:00,118970.6,take_profit,33.333333333332966,1.666666666666648,False
2025-08-11,2025-08-11 12:00:00+00:00,short,120170.2,120573.00571428573,119498.85714285714,2025-08-11 13:00:00+00:00,119498.85714285714,take_profit,33.333333333333094,1.6666666666666543,False
2025-08-12,2025-08-12 12:30:00+00:00,long,119064.5,118712.12,119651.8,2025-08-12 13:30:00+00:00,119651.8,take_profit,33.33333333333306,1.666666666666653,False
2025-08-13,2025-08-13 12:45:00+00:00,short,120254.6,120525.92,119802.4,2025-08-13 13:00:00+00:00,120525.92,stop_loss,-20.0,-1.0,False
2025-08-14,2025-08-14 12:15:00+00:00,long,121140.6,120775.1742857143,121749.64285714286,2025-08-14 12:30:00+00:00,120775.1742857143,stop_loss,-20.0,-1.0,False
2025-08-15,2025-08-15 12:15:00+00:00,short,118599.9,118838.21142857142,118202.71428571428,2025-08-15 13:30:00+00:00,118202.71428571428,take_profit,33.333333333334146,1.6666666666667074,False
2025-08-16,2025-08-16 12:30:00+00:00,long,117612.5,117428.02571428572,117919.95714285714,2025-08-16 21:30:00+00:00,117428.02571428572,stop_loss,-20.0,-1.0,False
2025-08-17,2025-08-17 12:15:00+00:00,short,118188.8,118339.57142857143,117937.5142857143,2025-08-17 16:15:00+00:00,117937.5142857143,take_profit,33.33333333333204,1.6666666666666023,False
2025-08-18,2025-08-18 12:00:00+00:00,long,115085.4,114806.88857142856,115549.58571428571,2025-08-18 13:00:00+00:00,115549.58571428571,take_profit,33.33333333333437,1.666666666666719,False
2025-08-22,2025-08-22 12:00:00+00:00,short,112031.2,112277.59428571428,111620.54285714283,2025-08-22 12:45:00+00:00,112277.59428571428,stop_loss,-20.0,-1.0,False
2025-08-23,2025-08-23 12:45:00+00:00,short,115175.8,115341.98285714284,114898.82857142856,2025-08-23 13:30:00+00:00,114898.82857142856,take_profit,33.333333333335084,1.6666666666667542,False
2025-08-25,2025-08-25 12:15:00+00:00,long,111652.2,111287.1,112260.7,2025-08-25 15:00:00+00:00,112260.7,take_profit,33.3333333333328,1.66666666666664,False
2025-08-26,2025-08-26 12:30:00+00:00,long,110479.0,110134.14571428573,111053.75714285714,2025-08-26 19:15:00+00:00,111053.75714285714,take_profit,33.333333333332774,1.6666666666666383,False
2025-08-28,2025-08-28 12:45:00+00:00,long,113187.6,112984.64571428573,113525.85714285716,2025-08-28 13:15:00+00:00,112984.64571428573,stop_loss,-20.0,-1.0,False
2025-08-29,2025-08-29 12:00:00+00:00,long,110224.0,109961.92,110660.8,2025-08-29 12:30:00+00:00,110660.8,take_profit,33.333333333333336,1.6666666666666667,False
2025-09-01,2025-09-01 12:00:00+00:00,long,108850.0,108461.54285714286,109497.42857142857,2025-09-01 17:00:00+00:00,108461.54285714286,stop_loss,-20.0,-1.0,False
2025-09-02,2025-09-02 12:00:00+00:00,short,109364.5,109682.94571428571,108833.75714285714,2025-09-02 12:30:00+00:00,108833.75714285714,take_profit,33.33333333333364,1.6666666666666818,False
2025-09-03,2025-09-03 12:30:00+00:00,short,111206.2,111484.24,110742.8,2025-09-03 13:30:00+00:00,111484.24,stop_loss,-20.0,-1.0,False
2025-09-05,2025-09-05 12:15:00+00:00,long,112550.7,112298.39142857144,112971.21428571428,2025-09-05 12:30:00+00:00,112971.21428571428,take_profit,33.3333333333341,1.6666666666667052,False
2025-09-07,2025-09-07 12:00:00+00:00,short,111105.8,111282.60285714286,110811.12857142858,2025-09-07 14:00:00+00:00,111282.60285714286,stop_loss,-20.0,-1.0,False
2025-09-10,2025-09-10 12:00:00+00:00,long,112382.4,112169.88857142856,112736.58571428571,2025-09-10 12:30:00+00:00,112736.58571428571,take_profit,33.3333333333347,1.6666666666667351,False
2025-09-11,2025-09-11 12:00:00+00:00,long,114217.7,114034.97428571428,114522.24285714286,2025-09-11 13:45:00+00:00,114522.24285714286,take_profit,33.333333333334394,1.6666666666667198,False
2025-09-12,2025-09-12 12:00:00+00:00,short,114803.2,114979.36857142855,114509.58571428571,2025-09-12 12:15:00+00:00,114979.36857142855,stop_loss,-20.0,-1.0,False
2025-09-13,2025-09-13 12:00:00+00:00,short,115824.3,115942.29428571428,115627.64285714286,2025-09-13 13:45:00+00:00,115627.64285714286,take_profit,33.33333333333333,1.6666666666666667,False
2025-09-14,2025-09-14 12:30:00+00:00,short,115660.8,115793.28,115440.0,2025-09-14 13:15:00+00:00,115440.0,take_profit,33.3333333333348,1.6666666666667398,False
2025-09-15,2025-09-15 12:45:00+00:00,short,114686.7,114926.39142857144,114287.21428571428,2025-09-15 13:15:00+00:00,114926.39142857144,stop_loss,-20.0,-1.0,False
2025-09-16,2025-09-16 12:45:00+00:00,long,115393.1,115225.64857142858,115672.18571428572,2025-09-16 15:45:00+00:00,115672.18571428572,take_profit,33.33333333333391,1.6666666666666956,False
2025-09-17,2025-09-17 12:30:00+00:00,short,116159.9,116338.10857142856,115862.88571428572,2025-09-17 13:45:00+00:00,115862.88571428572,take_profit,33.33333333333388,1.6666666666666938,False
2025-09-19,2025-09-19 12:15:00+00:00,short,116175.1,116356.54,115872.7,2025-09-19 14:45:00+00:00,115872.7,take_profit,33.33333333333387,1.6666666666666934,False
2025-09-21,2025-09-21 12:15:00+00:00,long,115666.0,115545.56285714284,115866.72857142855,2025-09-21 14:15:00+00:00,115545.56285714284,stop_loss,-20.0,-1.0,False
2025-09-22,2025-09-22 12:15:00+00:00,short,112522.6,112795.19714285714,112068.27142857145,2025-09-22 19:30:00+00:00,112068.27142857145,take_profit,33.3333333333344,1.66666666666672,False
2025-09-25,2025-09-25 12:15:00+00:00,short,111094.6,111395.48285714288,110593.12857142858,2025-09-25 12:30:00+00:00,111395.48285714288,stop_loss,-20.0,-1.0,False
